0.0,0.0,0.7596585170385193,0.005911542015827837,0.007951387486172289,-0.633278707779929,0.7738603926940719,-0.3118529254666763,0.029103869911051964,0.031081647396448493,0.624742742240085,-0.320201077211176,0.009874534778398949,-0.31561565445480533,-0.025357023179425967,-0.015391593920650962,0.6330694832779807,-0.3056482511924476,-0.006091599008498242,-0.009218629819110261,0.009662291329620034,0.027096249842768653,0.1082534833893792,0.167388188233043,-0.05364361879864253,0.6660441073647088,-0.035444650007823666,0.008807646322793669,0.020170217254855714,0.12046428373671779,-0.16953795499497154,0.05176469233858949,0.6639814317412135,0.04797961721283501,0.0012676054840144789,-0.010595139882941494
0.0,0.0,0.7596585170385193,0.005911542015827837,0.007951387486172289,-0.633278707779929,0.7738603926940719,-0.3118529254666763,0.029103869911051964,0.031081647396448493,0.624742742240085,-0.320201077211176,0.009874534778398949,-0.31561565445480533,-0.025357023179425967,-0.015391593920650962,0.6330694832779807,-0.3056482511924476,-0.006091599008498242,-0.009218629819110261,0.009662291329620034,0.027096249842768653,0.1082534833893792,0.167388188233043,-0.05364361879864253,0.6660441073647088,-0.035444650007823666,0.008807646322793669,0.020170217254855714,0.12046428373671779,-0.16953795499497154,0.05176469233858949,0.6639814317412135,0.04797961721283501,0.0012676054840144789,-0.010595139882941494
0.0,0.0,0.7596585170385193,0.005911542015827837,0.007951387486172289,-0.633278707779929,0.7738603926940719,-0.3118529254666763,0.029103869911051964,0.031081647396448493,0.624742742240085,-0.320201077211176,0.009874534778398949,-0.31561565445480533,-0.025357023179425967,-0.015391593920650962,0.6330694832779807,-0.3056482511924476,-0.006091599008498242,-0.009218629819110261,0.009662291329620034,0.027096249842768653,0.1082534833893792,0.167388188233043,-0.05364361879864253,0.6660441073647088,-0.035444650007823666,0.008807646322793669,0.020170217254855714,0.12046428373671779,-0.16953795499497154,0.05176469233858949,0.6639814317412135,0.04797961721283501,0.0012676054840144789,-0.010595139882941494
0.0,0.0,0.7596585170385193,0.005911542015827837,0.007951387486172289,-0.633278707779929,0.7738603926940719,-0.3118529254666763,0.029103869911051964,0.031081647396448493,0.624742742240085,-0.320201077211176,0.009874534778398949,-0.31561565445480533,-0.025357023179425967,-0.015391593920650962,0.6330694832779807,-0.3056482511924476,-0.006091599008498242,-0.009218629819110261,0.009662291329620034,0.027096249842768653,0.1082534833893792,0.167388188233043,-0.05364361879864253,0.6660441073647088,-0.035444650007823666,0.008807646322793669,0.020170217254855714,0.12046428373671779,-0.16953795499497154,0.05176469233858949,0.6639814317412135,0.04797961721283501,0.0012676054840144789,-0.010595139882941494
0.0,0.0,0.7596585170385193,0.005911542015827837,0.007951387486172289,-0.633278707779929,0.7738603926940719,-0.3118529254666763,0.029103869911051964,0.031081647396448493,0.624742742240085,-0.320201077211176,0.009874534778398949,-0.31561565445480533,-0.025357023179425967,-0.015391593920650962,0.6330694832779807,-0.3056482511924476,-0.006091599008498242,-0.009218629819110261,0.009662291329620034,0.027096249842768653,0.1082534833893792,0.167388188233043,-0.05364361879864253,0.6660441073647088,-0.035444650007823666,0.008807646322793669,0.020170217254855714,0.12046428373671779,-0.16953795499497154,0.05176469233858949,0.6639814317412135,0.04797961721283501,0.0012676054840144789,-0.010595139882941494
0.0,0.0,0.7596585170385193,0.005911542015827837,0.007951387486172289,-0.633278707779929,0.7738603926940719,-0.3118529254666763,0.029103869911051964,0.031081647396448493,0.624742742240085,-0.320201077211176,0.009874534778398949,-0.31561565445480533,-0.025357023179425967,-0.015391593920650962,0.6330694832779807,-0.3056482511924476,-0.006091599008498242,-0.009218629819110261,0.009662291329620034,0.027096249842768653,0.1082534833893792,0.167388188233043,-0.05364361879864253,0.6660441073647088,-0.035444650007823666,0.008807646322793669,0.020170217254855714,0.12046428373671779,-0.16953795499497154,0.05176469233858949,0.6639814317412135,0.04797961721283501,0.0012676054840144789,-0.010595139882941494
0.0,0.0,0.7596585170385193,0.005911542015827837,0.007951387486172289,-0.633278707779929,0.7738603926940719,-0.3118529254666763,0.029103869911051964,0.031081647396448493,0.624742742240085,-0.320201077211176,0.009874534778398949,-0.31561565445480533,-0.025357023179425967,-0.015391593920650962,0.6330694832779807,-0.3056482511924476,-0.006091599008498242,-0.009218629819110261,0.009662291329620034,0.027096249842768653,0.1082534833893792,0.167388188233043,-0.05364361879864253,0.6660441073647088,-0.035444650007823666,0.008807646322793669,0.020170217254855714,0.12046428373671779,-0.16953795499497154,0.05176469233858949,0.6639814317412135,0.04797961721283501,0.0012676054840144789,-0.010595139882941494
0.0,0.0,0.7596585170385193,0.011822381103312612,0.015901829490503165,-0.6332410568969983,0.7737009286435397,-0.3117058509333526,0.05820773982210393,0.062163294792896985,0.58048548448017,-0.3104021544223521,0.019749069556797897,-0.3192313089096107,-0.05071404635885193,-0.030783187841301924,0.5971389665559614,-0.28129650238489523,-0.012183198016996483,-0.018437259638220523,0.01932458265924007,0.054192499685537306,0.016506966778758375,0.13477637646608598,-0.10728723759728506,0.7320882147294174,-0.07088930001564733,0.017615292645587338,0.04034043450971143,0.04092856747343557,-0.13907590998994307,0.10352938467717898,0.727962863482427,0.09595923442567002,0.0025352109680289578,-0.02119027976588299
0.0,0.0,0.7596585170385193,0.017731814416148926,0.023850380641496926,-0.6331783083548973,0.7734351762944309,-0.31155877640002894,0.0873116097331559,0.09324494218934548,0.5362282267202549,-0.3006032316335281,0.029623604335196847,-0.3228469633644161,-0.0760710695382779,-0.04617478176195289,0.5612084498339421,-0.2569447535773428,-0.018274797025494727,-0.027655889457330787,0.028986873988860105,0.08128874952830596,-0.0752395498318624,0.10216456469912902,-0.16093085639592758,0.7981323220941262,-0.10633395002347101,0.026422938968381007,0.06051065176456714,-0.03860714878984661,-0.10861386498491463,0.15529407701576847,0.7919442952236405,0.14393885163850503,0.0038028164520434366,-0.03178541964882448
0.0,0.0,0.7596585170385193,0.023639139272097195,0.03179609578833646,-0.6330904665475469,0.7730631672468317,-0.3114117018667053,0.11641547964420786,0.12432658958579397,0.49197096896033987,-0.2908043088447041,0.039498139113595794,-0.3264626178192214,-0.10142809271770387,-0.06156637568260385,0.5252779331119228,-0.23259300476979033,-0.024366396033992967,-0.036874519276441045,0.03864916531848014,0.10838499937107461,-0.16698606644248326,0.06955275293217199,-0.21457447519457012,0.8641764294588348,-0.14177860003129467,0.035230585291174676,0.08068086901942285,-0.11814286505312886,-0.07815181997988614,0.20705876935435796,0.8559257269648539,0.19191846885134003,0.0050704219360579155,-0.04238055953176598
0.0,0.0,0.7596585170385193,0.029543653234992754,0.03973803011119057,-0.6329775376259258,0.7725849457356987,-0.31126462733338156,0.14551934955525983,0.1554082369822425,0.4477137112004248,-0.2810053860558801,0.049372673891994755,-0.3300782722740268,-0.12678511589712985,-0.07695796960325482,0.48934741638990353,-0.20824125596223791,-0.030457995042491214,-0.04609314909555132,0.04831145664810018,0.13548124921384327,-0.25873258305310404,0.03694094116521497,-0.26821809399321267,0.9302205368235437,-0.17722325003911837,0.044038231613968346,0.10085108627427856,-0.19767858131641108,-0.04768977497485767,0.25882346169294745,0.9199071587060674,0.2398980860641751,0.006338027420072395,-0.05297569941470748
0.0,0.0,0.7596585170385193,0.03544465419672641,0.047675239231482855,-0.632839529497562,0.7720005686256971,-0.31111755280005793,0.1746232194663118,0.18648988437869096,0.4034564534405098,-0.27120646326705616,0.059247208670393695,-0.33369392672883214,-0.1521421390765558,-0.09234956352390578,0.45341689966788423,-0.18388950715468552,-0.03654959405098945,-0.055311778914661575,0.05797374797772021,0.16257749905661192,-0.3504790996637248,0.004329129398257983,-0.32186171279185516,0.9962646441882523,-0.21266790004694203,0.052845877936762015,0.12102130352913427,-0.2772142975796933,-0.017227729969829214,0.31058815403153694,0.9838885904472809,0.28787770327701007,0.007605632904086873,-0.06357083929764897
0.0,0.0,0.7596585170385193,0.041341440459187064,0.05560677932210947,-0.6326764518258774,0.7713101054045642,-0.31097047826673424,0.20372708937736378,0.21757153177513947,0.3591991956805947,-0.2614075404782322,0.06912174344879266,-0.3373095811836375,-0.17749916225598178,-0.10774115744455674,0.4174863829458649,-0.15953775834713307,-0.04264119305948769,-0.06453040873377183,0.06763603930734025,0.1896737488993806,-0.4422256162743457,-0.02828268236869904,-0.37550533159049776,1.0623087515529612,-0.2481125500547657,0.061653524259555684,0.14119152078399,-0.35675001384297556,0.013234315035199264,0.36235284637012644,1.0478700221884945,0.3358573204898451,0.008873238388101353,-0.07416597918059047
0.0,0.0,0.7596585170385193,0.047233310816156476,0.06353170721759285,-0.6324883160293867,0.7705136381749988,-0.31082340373341055,0.2328309592884157,0.24865317917158794,0.3149419379206797,-0.25160861768940823,0.07899627822719159,-0.34092523563844285,-0.20285618543540773,-0.1231327513652077,0.3815558662238456,-0.13518600953958068,-0.04873279206798593,-0.07374903855288209,0.07729833063696027,0.21676999874214922,-0.5339721328849665,-0.06089449413565603,-0.42914895038914025,1.1283528589176697,-0.28355720006258933,0.07046117058234935,0.1613617380388457,-0.4362857301062577,0.04369636004022772,0.4141175387087159,1.111851453929708,0.38383693770268007,0.010140843872115831,-0.08476111906353195
0.0,0.0,0.7596585170385193,0.053119564635147366,0.07144908052415874,-0.6322751352807517,0.76961126164508,-0.31067632920008686,0.2619348291994677,0.27973482656803644,0.27068468016076463,-0.24180969490058424,0.08887081300559055,-0.34454089009324823,-0.2282132086148337,-0.13852434528585866,0.3456253495018263,-0.11083426073202826,-0.05482439107648418,-0.08296766837199236,0.08696062196658032,0.2438662485849179,-0.6257186494955873,-0.09350630590261305,-0.4827925691877828,1.1943969662823786,-0.31900185007041304,0.07926881690514302,0.18153195529370142,-0.51582144636954,0.0741584050452562,0.4658822310473054,1.1758328856709215,0.4318165549155151,0.01140844935613031,-0.09535625894647345
0.0,0.0,0.7676196859237503,0.05311956463514739,0.07144908052415877,-0.6322751352807521,0.7696112616450803,-0.31067632920008686,0.2619348291994677,0.27973482656803644,0.27068468016076463,-0.24180969490058424,0.08887081300559055,-0.34454089009324823,-0.2282132086148337,-0.13852434528585866,0.3456253495018263,-0.11083426073202826,-0.05482439107648418,-0.08296766837199236,0.08696062196658032,0.2438662485849179,-0.6257186494955873,-0.09350630590261305,-0.4827925691877828,1.1943969662823786,-0.31900185007041304,0.07926881690514302,0.18153195529370142,-0.51582144636954,0.0741584050452562,0.4658822310473054,1.1758328856709215,0.4318165549155151,0.01140844935613031,-0.09535625894647345
-2.2822369860608753e-05,0.0006203291762706398,0.7649765633257916,0.0559468236402984,0.07712020659713666,-0.6356301107362489,0.7660918933028863,-0.3263113529636391,0.2767453643766395,0.27830086012042476,0.2935048676230974,-0.24405295724717263,0.0861904755757012,-0.374534674918989,-0.22760350642159055,-0.12806502189249092,0.3507025315455716,-0.10676917656961814,-0.04678172370245184,-0.06572342564659464,0.08358072852609001,0.2706638307141211,-0.7193223881691596,-0.11932290562635396,-0.4421162759625277,1.2848063852080431,-0.34969193830702944,0.04306514950648001,0.17203475148164768,-0.6296593236742057,0.10803900754853234,0.42942542257971494,1.2444140330266502,0.4609611976048531,-0.02440596281711217,-0.08667736107891694
1.3424265798595535e-05,0.0008755282597060488,0.7642203656177402,0.05776952492170522,0.07559981702117313,-0.6405984133827494,0.7619586750134091,-0.3288749909844551,0.27232639194358405,0.2667747188977195,0.29683854226277673,-0.2513162957377522,0.09033124683058716,-0.3733261477605596,-0.22918555882623556,-0.11961441363320477,0.3591613359671859,-0.10024941219950807,-0.037940421093415125,-0.041451457795504354,0.07495606983593037,0.28336418027923,-0.7466837000978909,-0.11716575935766554,-0.43339871912949957,1.3350820749410381,-0.34932732247086723,0.032726733868509904,0.14602345581863418,-0.6629164545906187,0.11613163465230794,0.4352614385273401,1.2857071351441416,0.46316638098651053,-0.027226579631254848,-0.06763242320126094
0.00016008021361674533,0.0003197070595415963,0.7647890578445374,0.0562882592091821,0.07627912636213507,-0.6383236052598742,0.7639084380504421,-0.320471280547209,0.2719695741811915,0.26661505653239426,0.28355261033508145,-0.24928702473818654,0.08560223919509233,-0.3662590718264924,-0.22397679637299653,-0.1107025463820492,0.34508304417745794,-0.09451770283520405,-0.027401790084301814,-0.0419684778930777,0.07894746807229117,0.2837259827562591,-0.7433506892963632,-0.13953802771819374,-0.43794997075613706,1.3524318461929883,-0.3515437381458488,0.030229266557054674,0.1414746115437714,-0.6771425993827876,0.1279759433851535,0.4303804524249923,1.3022419165117944,0.4783512741918869,-0.02724788130820295,-0.0663495534668131
0.0002675306806076967,0.00013623263082174208,0.7647518690474469,0.056768529466485425,0.07604196000662107,-0.6393657380638034,0.7630245129553132,-0.3169647677487771,0.27269382831707084,0.2721790196992788,0.2757972441441798,-0.24521596307069138,0.08655698600764457,-0.3643119489237292,-0.23018256455961675,-0.12188877605377982,0.3418334360298394,-0.09258174550849019,-0.02844056980178123,-0.033058054898856354,0.0734626822670246,0.2903068634840613,-0.7339978290216683,-0.15261093638835121,-0.448077908316843,1.371118017633168,-0.35113313578801664,0.030683682539544583,0.13139952735983487,-0.6770376145772726,0.13528299345194755,0.43695943906194834,1.3200341982934853,0.4897252528785691,-0.024902363133008164,-0.06332801806442574
0.000326489583003289,-0.00037481972595271307,0.7649699925299237,0.056588156990262435,0.07647497706607677,-0.63561087384402,0.7661254306067841,-0.3124046439650462,0.2715407751974519,0.2670875855293902,0.26108231262089815,-0.23873161543271998,0.07931943236706551,-0.3582741264438729,-0.22689556140291875,-0.11676841107888225,0.33211857454064675,-0.08922977925352302,-0.023449160206952008,-0.03484814357430067,0.076720642563927,0.2883949820775511,-0.7265521586053253,-0.16310500542036965,-0.4611672470272195,1.3790728496834848,-0.3453982061296757,0.029369060203498425,0.130354021250768,-0.6740815205048892,0.13478052249557793,0.44163510113320853,1.3318885126929405,0.49200001244920777,-0.022667228780673006,-0.061567151082696794
0.0003134480533467615,-0.0008781154852347539,0.7659897739121119,0.056546144849566035,0.07647856959567456,-0.6353560610196843,0.7663395054548625,-0.30946333176546587,0.2689556948263322,0.26508106288701117,0.25117791063140366,-0.23172206435232073,0.07576400271347682,-0.35363198345734315,-0.22808054060432242,-0.12385390607840888,0.3265634274509791,-0.08598904880714522,-0.02246665543125425,-0.02938027143317579,0.07205253961365425,0.29264918199441575,-0.7216766165412035,-0.16397312803322872,-0.4533315906599652,1.384221098211128,-0.34925254155898455,0.025139689827550032,0.13032419101951237,-0.6674024159697315,0.13433733817526286,0.44048215623135056,1.3366893098800507,0.495686897066388,-0.025281941337654077,-0.06138436140968909
0.00030037826269331373,-0.0012388937402816325,0.7673530768690998,0.055289792797773935,0.07628746651085881,-0.634402980937133,0.7672392840853591,-0.3038318108667143,0.26370413753975297,0.26078448727744374,0.2380764001183191,-0.22540036482023101,0.07215275401529035,-0.3462799531214781,-0.22224775301162014,-0.12998137573464902,0.3212654659567746,-0.0824575428200682,-0.019561920325687113,-0.025169669364953618,0.06946774314198258,0.2960789982874567,-0.7197966231875712,-0.158690485240017,-0.4475153958550055,1.38053438423866,-0.3481735600367976,0.020284858416526563,0.12745722922783836,-0.6581036513831956,0.13171528570429336,0.4376588735042899,1.3400717493687777,0.4955887196161511,-0.029527155643302966,-0.06016319246823964
0.00017952792400802685,-0.0014160792860963278,0.7686089661091488,0.0546573018059695,0.07616962222999975,-0.6332468022540809,0.7682507764028695,-0.29711227339387875,0.2609518550040338,0.2581428265153509,0.2290900408694354,-0.22125142622694965,0.06882892364999928,-0.3429527829206321,-0.22221067360438676,-0.1428240791559804,0.32291354088970886,-0.08085634337412927,-0.019817405499279447,-0.021397720658087593,0.06792497206531797,0.2984889593048006,-0.7224430206606156,-0.14967138488497075,-0.4352993762057819,1.382385030096463,-0.35407213092850776,0.01748707325569746,0.12500908817189654,-0.6486470275716044,0.12755082190180972,0.42984094716977717,1.347532404623432,0.5013503256188058,-0.033603021390242356,-0.05857299365903955
3.539769434611657e-05,-0.0016963074560026326,0.7699203002112249,0.05403634810564131,0.07536829080648672,-0.6305734007427162,0.7705691922858591,-0.2957988461036902,0.25529833306525257,0.24495244503383595,0.22384984597918328,-0.2193807672636669,0.06603794668653629,-0.33868051715336644,-0.22132053349435601,-0.15116758860551474,0.3253725141787854,-0.08007616753652984,-0.019058119183528024,-0.012017306588786917,0.06650863265963781,0.3037368037455571,-0.7246957777435085,-0.13715296801414148,-0.42349447443194227,1.3756121414914113,-0.35736760476300306,0.01186598989302977,0.12379614417702287,-0.642745221542274,0.11767708317484613,0.4176225550186657,1.3508406549604486,0.5047908970674518,-0.039960884277464956,-0.05975988117134908
0.00019918811072920694,-0.0021858321623265953,0.7708480051438183,0.0522079955167208,0.07402650698616718,-0.629862867756546,0.7714059691816323,-0.2912553340092664,0.2535850174757416,0.2332898025920369,0.2170435856541178,-0.21504515752438103,0.06334596270950134,-0.3321826913929174,-0.22171337862792753,-0.1641291438720796,0.33441999564868813,-0.07836715206349357,-0.015175641422776852,-0.0014831233426671059,0.06585816221996457,0.3035378952567763,-0.7271763697027525,-0.11886011000978976,-0.4087120002905137,1.3663516703011618,-0.3594357166710412,0.003622178897758969,0.12419214418841286,-0.6322074528634547,0.10646706373996477,0.4049035109073073,1.3587744104957444,0.507520569524283,-0.04566395096052972,-0.059810479402190586
0.0007212475068198321,-0.003220619189297058,0.7713125850162795,0.049955861558471315,0.07302055936455615,-0.6258295296681989,0.7749256800502353,-0.2936430647844795,0.25463703717797503,0.23321956454013665,0.21563361620211985,-0.21333258008626999,0.0610618336221954,-0.31783407728922786,-0.2284174219796524,-0.17911069136853358,0.341566047580118,-0.07997876131826903,-0.013527076711116439,0.010923855363859354,0.06867126415193352,0.2997779420364082,-0.7296873383189526,-0.10606992949722426,-0.40473520483348147,1.3517051792038646,-0.35964435495827524,-0.002964557070993042,0.12370121427848334,-0.6297011985769966,0.10036693110564048,0.3982474843879942,1.3649460086128065,0.5102010088362747,-0.04981760884240154,-0.06003032370862964
0.0019616489415025763,-0.004530955311866758,0.7715960548108693,0.04580307719065467,0.07058668083423762,-0.6252194044739124,0.7758996680486202,-0.2922018911865154,0.25900066686981466,0.23064885440821048,0.21960237880424605,-0.20981587535779916,0.06098925724258085,-0.3116269731656076,-0.23551040497638354,-0.20125949387798386,0.35494745408653255,-0.08000006140228583,-0.010112508707298485,0.027631270907531157,0.0705596443945266,0.2954549753093582,-0.7354658388476562,-0.09576604364015973,-0.3941256841538031,1.334632197070403,-0.36517084998826943,-0.011333019117874234,0.12687580968910228,-0.6299060743068556,0.09567157273088026,0.3865076370637831,1.3729149357748724,0.5191139144751732,-0.054890218946179695,-0.06212749468783852
0.0036103376981606056,-0.005348167883156618,0.7717576058099701,0.043121344116053985,0.06913579761494064,-0.6244812067483274,0.776777969298772,-0.2937018410570039,0.2616239093623758,0.235940961573455,0.22213125300437192,-0.20787961514296968,0.06224843943025932,-0.2992550814568218,-0.2415937937297092,-0.21497003338041062,0.3610031619578488,-0.07984684366558509,-0.00890551281859932,0.04295141063166232,0.07342726889102034,0.2904399500206948,-0.7432902652959881,-0.09167309455391709,-0.3897080355308007,1.3219328858952142,-0.3701284282246814,-0.01616326143774835,0.1227154711080174,-0.6313840381760164,0.09547499284240414,0.37675403935561597,1.3837049018318421,0.5323543009526499,-0.059110685675879085,-0.06126250975762649
0.005316474276724832,-0.0055720618513971365,0.772669988179512,0.0395682357040753,0.06799381548676571,-0.6263395226731823,0.7755707563571159,-0.29418822230422254,0.2641955818919706,0.2341778944047218,0.22823081158953318,-0.20562210805894382,0.0636980829770888,-0.29463275322330656,-0.24518779039629301,-0.22449478603401174,0.3657039250142004,-0.07957067584206377,-0.008130687528466298,0.05524982928808555,0.07988969433708093,0.28579618399521867,-0.7504064365520944,-0.09072770501615887,-0.39101582954530906,1.31290255375799,-0.375142770931054,-0.01743653995984773,0.1219691152425473,-0.6430280420086164,0.10449361530973805,0.37150933364824595,1.3900295099885183,0.5411348062529598,-0.062277478285285744,-0.06130360629860229
0.0061879236136111095,-0.005226726025877593,0.7747268075961306,0.03794813950331652,0.06952295536713661,-0.6277757852484642,0.7743539635340742,-0.2968812940749401,0.2635990790489094,0.23825627605949518,0.23281610619637683,-0.20746857447576067,0.06547233017886041,-0.29218551472794174,-0.24583737224650062,-0.22613438266768432,0.36711945911722155,-0.08146407008538231,-0.011296698385755368,0.059246165269706205,0.08091211587872935,0.2814400928401583,-0.7669045544784039,-0.09376233078947949,-0.3941074014772017,1.305976416722543,-0.3811418732136879,-0.013515550224878797,0.12306212480565294,-0.6577399215857963,0.11776952834696097,0.3670314519432071,1.3949079664862212,0.5469367838693865,-0.06150263818347239,-0.06225236967870781
0.005908868048201477,-0.004957841152183562,0.7770994242294166,0.036142461599906896,0.071865978602187,-0.6290294373279797,0.7732082323435872,-0.2936402001408076,0.2624488341691065,0.24239949147192497,0.22537265783879673,-0.20636071118502416,0.06374732988097492,-0.28875853209214514,-0.2369619406880911,-0.2185189581170226,0.3527665124099657,-0.07968061333958723,-0.013529698514729321,0.05233623750558815,0.08290075331662554,0.27884774677054125,-0.7835421256135411,-0.087009726939787,-0.39969515071559647,1.2950529181313075,-0.38280046554000946,-0.009157876704725815,0.12521668194628643,-0.6637828105725467,0.13471382139950913,0.36819469199714444,1.3958488406201524,0.5450205262607027,-0.058972476208551665,-0.06065841556621718
0.00427178733721797,-0.005185802836959019,0.779006003706285,0.03493803882148516,0.07302227485608387,-0.6338582444907264,0.769201408416083,-0.2934359622807228,0.2698768666464171,0.2587933886585,0.22291070806281665,-0.20558447530760957,0.06667978887489606,-0.2858747335505285,-0.2276506212817189,-0.20546971788740429,0.3386072287519325,-0.07639189542225566,-0.012404414698599148,0.037070671391685864,0.08078700237520423,0.27438351626450436,-0.8029786586365211,-0.07891298691455645,-0.4094709802915596,1.291425298407548,-0.37880207924925313,-0.0009905678927303026,0.12351446725838329,-0.6658319740804151,0.16017272101945784,0.37869187499841905,1.3970845676170505,0.5361316734458752,-0.05283394072001325,-0.05496756265423525
0.0014869132188932406,-0.005335308495710067,0.7803676637026883,0.0340336035397522,0.07487965968102671,-0.6415257165018518,0.7626791628613819,-0.28071822517673367,0.2732338512432072,0.2735232613159154,0.21057449889489624,-0.21016842314021866,0.06748558895511993,-0.2818917690619756,-0.21093193567872157,-0.19523063148902486,0.31817256544678696,-0.07973372877728946,-0.019188274784189822,0.013627860768537984,0.07660293209516943,0.27146884405330035,-0.8154792938894178,-0.06570714987207715,-0.4158697371557692,1.269425746396721,-0.37384113413149767,0.000473273617038613,0.11890647842665904,-0.6513523304072059,0.18371938265357168,0.392786720674099,1.3776201324709203,0.525991033349093,-0.05090089858906299,-0.04786609712375423
-0.0026559992684163265,-0.0042639782267513415,0.7788115923915165,0.02389496610789634,0.06544352999149683,-0.6554078587003954,0.7520549938207424,-0.2470293671778623,0.29062775474125746,0.28041798503038856,0.21552986073440333,-0.18453080340646713,0.07444896116384073,-0.25120232613976445,-0.20992625189703648,-0.26068872950732025,0.2785250678772895,-0.0673700988924362,0.10523506152048248,-0.03251971090464512,0.05779366679375837,0.32013305239974393,-0.9098862470911266,0.055367171991833615,-0.7784637685547715,1.2616602785891176,0.041374278002893235,-0.07028674832179989,0.22294897898345822,-0.7155549555395571,0.22674640162730994,0.5902456555693,1.5311719951385148,0.16188927507804698,0.03865685145531065,-0.2794115187734416
-0.00816975228082165,-0.004442389942419689,0.7788425972683273,0.0226634894007665,0.06394273030714813,-0.6651136311722107,0.7436541878574779,-0.22712976315752018,0.300300973560552,0.30345426665782765,0.2096986097126203,-0.1813234201334259,0.07504016697861951,-0.25052027797809207,-0.19476366074779808,-0.23417480516833927,0.26054252982788445,-0.06663307696478363,0.10946631962733584,-0.07644764014926156,0.039682678418514514,0.32313141242396465,-0.9263646485892302,0.06490908922309983,-0.7892917422122092,1.2374368920188827,0.043094012807577055,-0.073559678933311,0.23529151961984449,-0.6933425751986394,0.25129729593840067,0.5873908381206302,1.4925289103545134,0.15387753642284419,0.029835793099550013,-0.2859370919869236
-0.015203991089180222,-0.003338331468662803,0.7795848958819107,0.02318064683384749,0.06198500001993378,-0.6797176679977928,0.7304823127198464,-0.20645339490243514,0.3208528161067729,0.34161863006813165,0.209204087641218,-0.17938842279760875,0.07533060598271583,-0.2594835004883162,-0.1745618886338882,-0.1937262917763516,0.24590976296736816,-0.05929327957514181,0.1152877325843114,-0.13500212460561267,-0.004747802159484514,0.33005680247261776,-0.9493874166133126,0.07867741769500768,-0.7972568472978516,1.2308366223857388,0.04342458926232226,-0.0693512278123237,0.23546410839462975,-0.660490593090572,0.26419882756494545,0.6028123304528756,1.437317822295784,0.14912599119226683,0.02026691792153698,-0.2886360173472947
-0.02356096920491388,-0.0020583727407593733,0.7796179436955134,0.023589045180134348,0.06111756651234706,-0.6947677185871626,0.7162443837268728,-0.18602160554401478,0.3397349590083383,0.37884220351975184,0.20506754520613568,-0.17422308763553657,0.07037188664493599,-0.2728447887883287,-0.15292128152356635,-0.14594789432306332,0.22786246262428617,-0.05390023824235665,0.11501440534686237,-0.21108216164789062,-0.05434749610174894,0.33364557550997304,-0.977285377360595,0.10109738927992591,-0.7970449153474236,1.2209337161218157,0.04147031901224304,-0.06790149537335018,0.23712923652347825,-0.6126904069426906,0.2444489158033096,0.6119578249111007,1.3632122540252596,0.14403770999227916,0.005331043626355763,-0.2914103642104115
-0.03331605079718435,-0.0006587527496320633,0.7800021447118023,0.025599301795983444,0.059098133467506204,-0.7112844062546179,0.699947555026254,-0.15958155647024377,0.36318258656936314,0.43187292876020084,0.20297447323195436,-0.1757602335498513,0.06665815219035082,-0.2982107440599254,-0.12569699823127486,-0.07870530170197745,0.21915307944703147,-0.04294157135391456,0.11108848583924011,-0.30611057885149456,-0.1255868824738637,0.33558890565497235,-1.0012121968163632,0.138414468025454,-0.781635542365029,1.2189555197613424,0.04250934452593334,-0.06505432882558501,0.23147792774297188,-0.5632765945251792,0.21530249444192306,0.6348297270072036,1.2596094167316365,0.12937440627533078,-0.0032608892965348855,-0.28038055041692717
-0.04431851948065954,-0.001078783009507367,0.7800319626397562,0.02439958227934829,0.05721509946360815,-0.7266505428403884,0.6841857067841535,-0.13435269592088936,0.38904842948112806,0.4742057291232655,0.21429115576027818,-0.1699504609270182,0.0510013050055409,-0.3121361240131314,-0.09265930178284656,-0.0009179089620993952,0.21530383031604453,-0.037603076915306996,0.10352713151766035,-0.40819457267358694,-0.2020918561265197,0.3200423422207933,-1.020979872931612,0.16977327276595616,-0.7689608656543141,1.2070009426016246,0.05240461673022973,-0.07267097774138198,0.21281748957392255,-0.528942867261088,0.15804201505503893,0.6485274949601679,1.1679607229778266,0.11060791153333965,-0.021521066692143737,-0.25962778767998246
-0.056012741485014395,-0.0022089495916122193,0.7797141525050826,0.024001993438337775,0.05497672873719953,-0.7418825348636633,0.6678411248737292,-0.09955524325343049,0.41449796068741596,0.5214845237196255,0.21745501226475142,-0.17463212999030098,0.04301759725586358,-0.3300208655199025,-0.06337390498466745,0.056739559797123196,0.2213758713929861,-0.03731840697892856,0.09157456939646207,-0.5072877878751905,-0.2888793006438346,0.29725138371011783,-1.0425775638984323,0.202247618638488,-0.757234998831823,1.1958194421194,0.0638377155764512,-0.07791949252452653,0.20670413641393415,-0.4914871901878754,0.1087507673252713,0.6681842679456478,1.081849246975057,0.09941104012505474,-0.03563339556843166,-0.2400463876056487
-0.06851639612583939,-0.004542600181505652,0.7782671419156988,0.026225507255486,0.05578300792512082,-0.7551665945380627,0.6526284496478866,-0.08201414043154875,0.4403507856111562,0.5588910329911834,0.23090076649753027,-0.18436768843526513,0.038819073419451386,-0.3464567830113193,-0.03530809805090438,0.11003654007877842,0.2361764800636137,-0.04711204806643831,0.07806045811269718,-0.6096362746070136,-0.3532559171098615,0.25153578139363786,-1.069094856958409,0.20456189399079844,-0.7359849923836844,1.197246484565572,0.06700713084801135,-0.07437459422785052,0.20499329587556708,-0.4434591346225842,0.05982390443246253,0.6540429460571666,1.0133879947474747,0.09988049585420763,-0.046097823499164144,-0.23576300253406554
-0.08088779023778866,-0.008350832944111597,0.7804007184738815,0.028992015994384022,0.06137166505112721,-0.7686473877197592,0.6360614554341618,-0.09247157492572242,0.45781336402622924,0.494249295624797,0.26329642690753335,-0.21735309078649834,0.058840827140994756,-0.40074446369978267,-0.020369907874541543,0.03220002048183847,0.3072863315765976,-0.05199457811658316,0.07097899787712864,-0.6828540943779626,-0.3906518346046756,0.19598128209059154,-1.0677723840600073,0.16257088923727678,-0.6601734762092395,1.1792045375503506,0.04660574539366754,0.06017362196494914,0.25636669184806715,-0.3766278158667761,-0.046129466731302804,0.6328072913428846,0.8810103870520876,0.07692944041805068,-0.02612969172503366,-0.09869902553576544
-0.0952842886095083,-0.012283612336115357,0.7801234344314696,0.03415537000730308,0.06930590133509834,-0.7717109216425565,0.6312625097036815,-0.0937004381705217,0.479279122752383,0.5005788885230789,0.25284591036441917,-0.2109787095772936,0.0530713664503002,-0.4241703390695615,0.015087057119742873,0.06104809689319765,0.3395149819704275,-0.060673893578131764,0.0510137120069068,-0.7776968009139554,-0.40994481407564337,0.13401132504748872,-1.091129732918314,0.12167378835816287,-0.6697524499594818,1.170425146792703,0.04457526280578171,0.05257822485881961,0.250175678211419,-0.3245393747558925,-0.12025456035856506,0.611694735468773,0.8223772724516424,0.06626842416668248,-0.04214783070110586,-0.07289582689765485
-0.11101646429928289,-0.016140017871532852,0.7801539598590476,0.04045978235499323,0.07508421260224658,-0.769796857686562,0.6325647515674448,-0.10106986897808297,0.48242122107930563,0.4839787853304422,0.23185369239259124,-0.20629436389661374,0.048839152076421796,-0.450357368469437,0.041694439957534524,0.06974577008020529,0.36589880462591695,-0.05203159294310047,0.04108988313134183,-0.8507410781851185,-0.4218286615471384,0.08510959458077125,-1.1150798646087487,0.05630112645328032,-0.6678697096047195,1.1347127513143695,0.02470798671502775,0.030116757340674802,0.2604646812884888,-0.2712580616581256,-0.20519681198653278,0.5750076493662201,0.7435598956904341,0.04014652211509053,-0.06444814386178868,-0.0645793031666285
-0.1277373713493768,-0.019656960366293108,0.7794251427207896,0.052351637963176684,0.08437929983376838,-0.767470722059085,0.6333467695853853,-0.12362905103006502,0.4925507921270374,0.4778396853856355,0.20825727127157007,-0.19185052383690693,0.04317492868497158,-0.4814822870219366,0.054586654467711875,0.06161373754883426,0.3931934443526192,-0.06720755673422711,0.021681456886350762,-0.9132002790189725,-0.4057241096979839,0.03576465965115205,-1.1733309713966757,-0.019307285524161222,-0.668022636302254,1.1191350640465605,-0.0018489887854350334,0.016810585411021022,0.27360740422596913,-0.21611702577882752,-0.28484679022715365,0.5368075658252222,0.6409858416998474,0.016178450809574457,-0.07826240610325208,-0.05238640386300605
-0.14484060529980647,-0.022748851326561792,0.7781979295672513,0.06172618489094649,0.08899706580932668,-0.7627262133736116,0.6375877381262063,-0.13770121668432056,0.4982304059008515,0.47360727037069417,0.19325571578791334,-0.17333519827352456,0.037990806999138406,-0.5042409389627882,0.057838862972868665,0.038935117986323785,0.413987652936613,-0.06123806471289446,0.008445143349351938,-0.9719864522480949,-0.3991046051628083,-0.003560313035223463,-1.2391222596324272,-0.08119947667573395,-0.6632360765697004,1.080166197296988,-0.03488327388746431,-0.004099690791957077,0.29024057714266405,-0.16629637374450984,-0.37459475032041867,0.4590471080616252,0.49923923821143384,-0.012549119898348123,-0.10311706392219849,-0.056709538275170224
-0.16171106294050525,-0.02554160975833919,0.7777113839695273,0.07379454817116239,0.09329160893380882,-0.7580988446508672,0.641199798894055,-0.15589247161574216,0.5017066000041881,0.4622731226705889,0.1874019943224198,-0.1736432751385597,0.027783074793260296,-0.5284431590165576,0.053377088074556635,-0.0006111669235201115,0.43434532607387727,-0.07699881332317056,-0.00659309037381276,-1.0164324499316164,-0.38345958826087234,-0.041033115403489216,-1.3115433237593614,-0.14511864074465142,-0.6466809919920574,1.0601784444066378,-0.06502117134754187,-0.021013979737689044,0.2862361063667921,-0.10329752994835685,-0.45573081020893397,0.32735379040325724,0.27465537961659603,-0.038006938245256215,-0.13487198169741763,-0.06811990894288107
-0.17762480277072779,-0.027563096293938938,0.7780265742170767,0.08672266483770083,0.0955322659429696,-0.7584346065312763,0.6388503057704505,-0.16370907546241867,0.5045779651986586,0.4575550551426312,0.1888398370668651,-0.16488243192547644,0.03301982985362258,-0.5453765426264209,0.058757854290924644,-0.03501539932983085,0.4514429737047022,-0.08051211062621233,-0.02366624254501315,-1.0595196160839835,-0.3612703699208788,-0.09018524794690347,-1.3697069506605168,-0.19111490740457251,-0.6692102487054501,1.0128269595165846,-0.09465746315230866,-0.043345772174689115,0.2635553620546007,-0.05451051805840214,-0.5598884899884798,0.14967574158668404,0.04916873229766785,-0.05218118204013101,-0.163304101912821,-0.08148867120533022
-0.19315512852071892,-0.029703408032351997,0.7805830455395388,0.09606540292549645,0.09577166388032475,-0.7616962644747679,0.6335755893684202,-0.16921287943126362,0.5150944382348003,0.43722789351764607,0.19628567557207158,-0.16052573871376624,0.03144906737614421,-0.5629120026008543,0.06528175214014334,-0.057962229266859094,0.4655510212746255,-0.08657042252176078,-0.025616239013692234,-1.0854666231138637,-0.33740325577000063,-0.13477410435898673,-1.434245573213596,-0.21920467982084152,-0.7277117954025895,0.9375972229752986,-0.09497547874106986,-0.05919546878139624,0.22301432394415951,-0.02941154042523702,-0.6237819746953949,-0.03917267651157968,-0.15367916325602599,-0.04039813008288064,-0.18307850683993043,-0.09732477841687473
-0.2079074917015515,-0.03159407746580961,0.7829395739892221,0.10219937772144708,0.09297865211526246,-0.7653855041208034,0.6285660566129244,-0.15708861399096188,0.524538024524112,0.4387403250906894,0.20603031083250734,-0.142698892051892,0.027414749177930506,-0.5691593890510518,0.07022926716580828,-0.06622447972733668,0.4538872395087004,-0.07392797966538384,-0.038995680338603914,-1.1224178130070348,-0.327733396841706,-0.19499792079961503,-1.5131493437552723,-0.23520744682662117,-0.8144867162083962,0.8399912254712774,-0.07269615718851957,-0.07459345906630109,0.18464689740296336,-0.07037444480378013,-0.7011913415133489,-0.1719951674498489,-0.25570964951369474,-0.015452328731834795,-0.1892939177554574,-0.12074628455019286
-0.22113907346851117,-0.032342396525746886,0.7858608336338856,0.10901260524930781,0.08976579154102252,-0.7721994287780494,0.6194888189149396,-0.15221252281597183,0.5388816355327769,0.4293909602683812,0.2085101807739401,-0.12393023004384376,0.01626005209126072,-0.5841174795165678,0.07087946277470603,-0.06708706872548752,0.43969135238375995,-0.06978277659835426,-0.04091945419989666,-1.141771507397255,-0.32959180960934087,-0.24001578804122758,-1.6277990929550064,-0.25793526355721247,-0.8636107786165707,0.7377081448609689,-0.04871582598244662,-0.08359941999681741,0.17687796426574448,-0.11170766533016417,-0.782386232526422,-0.2673996837079055,-0.2953358324368573,0.0027066916882338824,-0.17203551768560904,-0.13824907217728005
-0.23198577144790747,-0.03192889754634243,0.7874569019258224,0.11484890064580675,0.08391117398570594,-0.778025952924689,0.6119185088526248,-0.1529652956035122,0.5523487759321044,0.4222128376202677,0.21689113574127222,-0.09727954201916672,0.007977506775081935,-0.5862387579314207,0.06952861447106241,-0.0741870370744024,0.425317233377892,-0.06939516135158755,-0.03913655978403668,-1.1307497766620462,-0.3376574949731966,-0.2823536798464881,-1.7382541356075,-0.32035146073220216,-0.8862565335302874,0.6794624309882923,-0.02826761252133137,-0.08178678050554583,0.17315087433918522,-0.2019374457520832,-0.8634296719778302,-0.30790220864700174,-0.29133923818864493,0.01609949368933401,-0.15126753978499483,-0.15934873135495464
-0.23960626508312974,-0.03063082771157627,0.7900738646094214,0.11753266626585583,0.08323856693394019,-0.7863443917129221,0.6007661033687381,-0.16583634217794838,0.5621269313768597,0.37157529825142877,0.23018328010128242,-0.07199367800556156,-0.015657182630197556,-0.5986139647049712,0.058745112996694146,-0.0705511800519932,0.4216789964180181,-0.06743882422391576,-0.024597888356210122,-1.0738080376567496,-0.330211787151935,-0.27964307718449694,-1.9266159303899164,-0.35431477420153484,-0.8558504381468791,0.6606186234133059,0.012846296818469431,-0.0900493094219526,0.18028527342714787,-0.27754282767076643,-0.9916952149972752,-0.31723291534360204,-0.17729893906566266,0.015686585186465558,-0.13552102563288568,-0.18187904588516304
-0.24329415077708516,-0.030220357193024017,0.7935878219560921,0.11286307339553175,0.07972608046162116,-0.7871340632851375,0.6011036892035941,-0.19720878626189176,0.5661792058850571,0.34191278388051183,0.2645721237394133,-0.06354282095912331,-0.026349884073289604,-0.572887713240234,0.05051359593217507,-0.05701278445790988,0.4086717352665937,-0.08645936553749269,-0.020779845600723074,-1.017402424082289,-0.3374889261979049,-0.24849385125024206,-2.094029765181529,-0.3704881678666748,-0.7832672929445053,0.6510979122227614,0.06170761249284422,-0.10739184861739351,0.18364477551488545,-0.3935706949335967,-1.050284322974756,-0.28212661927593863,-0.10037545291490917,0.013558092232890196,-0.1460928812474171,-0.2200744919471463
-0.2419849244557754,-0.029866065651022733,0.7962359808010866,0.10592753889675205,0.0717968456101857,-0.7821473741017972,0.6098114910768473,-0.22067651535166558,0.5741471726050714,0.32736932731086343,0.2940961030923607,-0.08164086531869713,-0.040508396431833696,-0.5647440658728436,0.008628388973035467,-0.05861743434739247,0.43701606877857285,-0.11565121041504164,0.002332557356137979,-0.96617637513616,-0.34422291089044527,-0.18005906796539836,-2.230782193778464,-0.4179414170674363,-0.6741923691640725,0.6845261985874599,0.06440076089574552,-0.11025097887525089,0.2094694353349527,-0.4845752266396969,-1.100642553086536,-0.23846059287337917,-0.0358317578825532,-0.010070458829230475,-0.14118406476407575,-0.2538390417575917
-0.23676412373241593,-0.03013118573392376,0.7995532880406839,0.09452386967412159,0.06580978771837077,-0.765585000153381,0.6329406903039497,-0.2796311798415456,0.5639668452352383,0.33503497758020206,0.33771816230889906,-0.12337061057697163,-0.03695804788413103,-0.5351006496924372,-0.03281564402203106,-0.08517480192258961,0.46487593051119447,-0.18359877543246972,-0.007990064056449378,-0.8857233487893921,-0.3438789782992912,-0.09661887393666029,-2.2952432279274966,-0.4419991260610382,-0.5691714495878197,0.6627927199600526,0.0701681638877484,-0.11131388627614335,0.25911917109274246,-0.5307867200244272,-1.0876258630445068,-0.19603314576152903,-0.02289210292888228,-0.04575280875021006,-0.1417539366252322,-0.28614520800039334
-0.22684182949246673,-0.02874781558379108,0.8000117876877405,0.09352680832764167,0.056343579869678154,-0.7587339747469487,0.6421844693670276,-0.31949470829562004,0.5239870167677564,0.33575293633925274,0.3750537282743044,-0.1915082148156867,-0.04252221937233438,-0.5204628626702898,-0.07741186218403551,-0.07688903059289824,0.48343484022115824,-0.18576487313929524,0.041198557746530404,-0.7475444758435357,-0.33334401154472354,0.007128612594097621,-2.3267112340983385,-0.43557835529663447,-0.464175908684504,0.6218952568923032,0.05158912860518764,-0.11099480884273942,0.3238258266606304,-0.5764364187121864,-1.106012182964489,-0.14707981646890075,0.09651514090338648,-0.08213870628094365,-0.09689632987254919,-0.315793974807428
-0.2135696482749086,-0.025041477095038733,0.7985125737124185,0.09216790316598475,0.046799945093912235,-0.7502326585617419,0.6530434907359339,-0.33543298727430604,0.46967351121289774,0.40831985589180214,0.3864216372041454,-0.24776958360871798,-0.038206708181876534,-0.49189460635520554,-0.09533154082362165,0.03458186925413706,0.4474370978571197,-0.15002232389097905,0.07860663145362318,-0.6213298955601866,-0.3002627732765005,0.07697484213933961,-2.2835720958658,-0.3683090456746133,-0.4135957365367505,0.6573971233789088,0.08167474883362537,-0.06282615054878822,0.36412803512254815,-0.5504526046341478,-1.089053679549059,-0.13274890794211672,0.19127976858773213,-0.04407012507340596,-0.08815535043601867,-0.4878736176949545
-0.19533122438874176,-0.02121756647569978,0.799036052211323,0.09201918844721826,0.04626827154068974,-0.7572106343086912,0.6449990475155624,-0.34738460144837313,0.4228772141079957,0.41117788824870094,0.4129404658204521,-0.31499825172502627,-0.04803697131261013,-0.5170830453280166,-0.11792029464690582,-0.004509460526164906,0.47173479726045664,-0.12392868222096501,0.15065359410581972,-0.43146434777769566,-0.22249434128983148,0.13815981160295732,-2.133539450001955,-0.2853012707673707,-0.39316026532823695,0.6988263162232646,0.040300942131621054,-0.030980366371324022,0.35623663482649615,-0.5718854602429035,-1.0869142922447683,-0.11366063702929748,0.34399182814389095,-0.01547921206041737,-0.05693405838625749,-0.5319755603370345
-0.176217557624961,-0.017267356102035725,0.8002318956080688,0.08764757956267433,0.055398536193241844,-0.7510702393259031,0.6520294468683011,-0.3807935904139214,0.3925274510162091,0.42635181151087476,0.451090687547504,-0.3923009143354125,-0.03485437223837137,-0.5305870753199085,-0.156513142045331,-0.014467110603142732,0.47995692670454865,-0.12619119018020125,0.17128690754685388,-0.3309955382419422,-0.11458286800723315,0.15170365409938882,-1.9375414888666467,-0.2695712124293533,-0.3261180708850442,0.77479630752359,-0.026522820746816143,-0.012806225756014946,0.3653705668158302,-0.5886091483651751,-1.114049234581728,-0.02739414573308222,0.4994675184015511,-5.42887322845147e-05,-0.03508969473295523,-0.4871908137638019
-0.15715567150788398,-0.013002679476783296,0.7994148849944729,0.0865784554947366,0.06033112224094872,-0.7486916012402551,0.6544655934161836,-0.3834378287272531,0.34983825007572067,0.429943896709998,0.47490987617697966,-0.43625609385190284,-0.02195094086963841,-0.560048720458047,-0.17312007103185859,-0.03459400140680835,0.5013541472836212,-0.12776391902080367,0.17846125174557909,-0.2609903091094016,-0.030987570428593503,0.15753251627794848,-1.7355386477501824,-0.18225480197297378,-0.4036672953770268,0.7343985658210695,-0.02298724515244717,-0.02786053423743239,0.28626196528367626,-0.5636061014170406,-1.0959439265302193,0.04919768556144995,0.5964516949872782,0.008809562902098594,-0.03598426219918158,-0.43114893300232043
-0.14114867137352693,-0.008030908220216959,0.7970234255749857,0.07982455938669752,0.05811536553535834,-0.7428001689203394,0.6621922327083938,-0.3364641348942894,0.2890054407195634,0.43762509765502494,0.41766000425885236,-0.46283726022390537,0.036635037000384583,-0.5309672776685517,-0.19488503884408326,-0.06213178797153791,0.44365893756473546,-0.13615734646746253,0.099614030225545,-0.2258264569102273,0.03981987518475994,0.16188716305922252,-1.4027345623865892,-0.1260124450184798,-0.48037784495229285,0.4968850945844738,-0.018277337270893364,-0.0703894612789828,0.2537139403801032,-0.4796073344910666,-1.0207590638656545,0.14796284780571425,0.6618520124653765,0.016287336790239405,-0.015545506107835769,-0.36960127261879167
-0.12963228497366977,-0.0013848454187398995,0.7923522612824517,0.07324237789404606,0.05390369775407995,-0.738671477323105,0.6679029825043192,-0.27349431881509895,0.24041896145402325,0.4697005075711718,0.37272270975890953,-0.505532146237009,0.13457463688788285,-0.504381706207384,-0.21425254049372378,-0.10782038660823598,0.3969103953757248,-0.1748512592365451,0.011074559225389405,-0.17955775518982448,0.060093096747477585,0.1774119200237499,-1.0057236759504564,0.011509547287479108,-0.4815881513477933,0.1263494015377784,-0.02801948431288732,-0.11337391572146617,0.24716039166377712,-0.396454430670824,-0.8401269614101313,0.2700019845688864,0.740095149405578,0.0336732178879303,0.03767323582141026,-0.2998258442382851
-0.12319325265337128,0.00536462580801117,0.7883104222399019,0.06497575709639168,0.03618762438809352,-0.719896970148222,0.6900847478406609,-0.22597752196857443,0.20513872417115567,0.49776366083108403,0.30480628598437925,-0.4776817920056243,0.21926991653632208,-0.4358090173639011,-0.23292391575069485,-0.13507116956359763,0.3271840937303786,-0.21265952424106976,-0.08570796707212852,-0.10577163692059059,0.08861842158411865,0.21534723541158826,-0.5317551851999784,0.3263291474416805,-0.3786044918611471,0.019291851427558532,-0.032399477158918985,-0.16215637082283454,0.2763914015199842,-0.3507545194607021,-0.6415252316761726,0.4042845807238039,0.8398912336851754,0.03165985123303111,0.08388963526855732,-0.22958730070255387
-0.12226196637726591,0.012914628453921329,0.7844509756544457,0.058990008298678086,0.03432412747442732,-0.6704354674512087,0.7388222500558047,-0.22484482616675594,0.17892705335640843,0.5152255432179915,0.2871876752525655,-0.48650952356387567,0.24750164631133914,-0.3775757782951682,-0.254182430256362,-0.12053602016628462,0.2982531464712541,-0.28916980917289375,-0.13467430840710348,0.025785289029598216,0.11785876000955811,0.19566398875066954,-0.39722145773828993,0.48289131256476253,-0.1822200465106274,0.3306881537056758,-0.012568092594744574,-0.08521745780818203,0.39293823558035057,-0.3601686840899259,-0.47311259020762464,0.5860208102976452,0.9240960539384123,0.026062078235322864,0.13127802900519409,-0.16900083333792962
-0.12115136219844679,0.015952614782578423,0.7860267725370332,0.04424401236583635,0.03277552676158954,-0.6071580298391688,0.792671028243806,-0.25748367797217236,0.13606937209451844,0.4371630986013721,0.2800595340317964,-0.4175329048184908,0.16653056504107122,-0.3249299569909685,-0.2545548036859958,-0.06261720704183919,0.3053515621496389,-0.2855920804050828,-0.11206032757511764,0.07199733612673231,0.1561433217513833,0.14813270557578134,-0.5588942381868944,0.6460499979565726,-0.2975814987318386,0.7722026700399597,0.03718925590037457,0.015165916417653462,0.2615337841697588,-0.44460088831010813,-0.4503354626681413,0.7156728308317453,0.8467393945112573,0.06195114036815306,0.07398083747901975,-0.13266416131177514
-0.11993101194244679,0.021621308566023567,0.7876520662348933,0.0300281067286215,0.04435107710778127,-0.537090113796492,0.841822727435976,-0.2797922332671233,0.10437916190781028,0.4002388604067643,0.2919234790873256,-0.38785932975119797,0.11859306891635618,-0.2914582578993891,-0.23027291033979203,-0.011745429562243864,0.3526157303705244,-0.30528426103180095,-0.11746723880674521,0.0758165788051551,0.18026549368824538,0.12750253566297592,-0.7310565518357743,0.7509750910318015,-0.3930502153040731,0.9050225673411862,0.06720346753133144,0.025246131689479655,0.1254899149491377,-0.5251317423762744,-0.539245075479819,0.6993013570007743,0.7031985790210629,0.09418230354211166,0.00818284193423068,-0.129783537430371
-0.11761054117694522,0.02803277661259229,0.7883079389756261,0.025657215285389383,0.043106678353815875,-0.5136836466754926,0.8565118987633897,-0.2976241620600913,0.06619504077955445,0.37093861051522414,0.2726370172944842,-0.2982330890205672,0.06718726660266254,-0.2763622090952155,-0.21293346588546436,0.06691398210993658,0.35177302191975507,-0.4154085156151728,-0.2399591135179405,0.11874196597199586,0.18383115164406216,0.13595110436534621,-0.7252918138425062,0.8472578781687178,-0.4271739345012642,0.8590309357744375,0.011628588216582341,-0.07483257481278137,0.1424347152220509,-0.6058238682840772,-0.5739911694802694,0.6936117365140346,0.5346832072377905,-0.02715841423635472,-0.0702472125616059,-0.1210915564114192
-0.11662995974213672,0.04056847297102878,0.7854180351064679,0.019462907291649796,0.0466094522967819,-0.48716207532915484,0.8718496811706368,-0.25874384613384216,0.06020939694063691,0.4262399105468681,0.22386391006216783,-0.2852285826204728,0.13436172153050863,-0.28552105666650984,-0.21725361546301752,0.034405495353566434,0.34766471897548934,-0.40770755892899013,-0.2617997538000538,0.13096460962248488,0.21248746953032166,0.15202253903305465,-0.7019013439594057,0.9619630897339642,-0.3986608607621954,0.8328835888224698,0.005524378591233489,-0.07195541544047836,0.15563588572923356,-0.6493667534789231,-0.5304346605679138,0.6807873516392007,0.3354925631348802,-0.006597069922901206,-0.09179092185322416,-0.171312065539652
-0.11420303575733995,0.057973158308722406,0.7774464991017113,0.0195736795036321,0.05024574356138348,-0.48420236384532006,0.8732927957857298,-0.22271023968067652,0.03622593868457156,0.4774642461403886,0.14643220057572603,-0.27946414879269965,0.26092819237102105,-0.28194266435033283,-0.26813647106013816,-0.034371165270318305,0.26485095293865024,-0.3644023067496591,-0.261799999999923,0.2251290108977497,0.25374257697665625,0.15159926982749725,-0.6315918734444445,1.1165882914954504,-0.3115136301703585,0.725445324877956,-0.0781671294778059,-0.032774306079582115,0.24042068655564516,-0.7576560204976418,-0.36476433359372434,0.6393097554005048,0.12138795606054231,0.07045151088250427,-0.06778192213277817,-0.30577835526983094
-0.11931098625595882,0.068039060548645,0.7746155600174962,0.020414030802141173,0.053867706988143735,-0.4733459811702402,0.8789909667341473,-0.20353981748864775,0.05189738664263289,0.476367036916861,0.07861407739989329,-0.23772089179036746,0.26179999999996595,-0.2706442440871619,-0.28729161635448375,-0.032801111887906825,0.20954269224194816,-0.36042287574744397,-0.2618,0.3273879380258598,0.3223157480638288,0.12712530310462672,-0.5872028515833289,1.23244946319538,-0.12970690036057256,0.6617779027843026,-0.20616137240236196,0.05504379727630863,0.38838004356498196,-0.8921126434565082,0.16645200837333948,0.5713194622046476,-0.07232314159343306,0.2484519707377665,-0.052555472704446236,-0.5732071234526019
-0.08487552030726862,0.10919493716359724,0.773162318562475,0.05637284712004857,0.05512806664180463,-0.408668191752267,0.9092707558400019,-0.23830941287414836,-0.18640356487790338,0.16656595994049317,0.03179753202916301,-0.09748366365114408,0.2600070070262566,-0.3241152787376465,-0.5258108933673453,0.02726253558883788,0.28089312414489087,-0.1480169230356554,-0.2618,0.729873290004625,0.5136512759460209,-0.020138784636550888,-0.8692075152372514,1.1771800554451253,-0.28798237097774354,0.47009741406465255,0.04501269575506951,0.10547227218722156,0.18067320360116895,-1.1603194266232697,0.599999999999999,0.4064091464324768,-0.131989059176214,0.2818279951148334,-0.2803491435392708,-1.0763912233187187
-0.10545455038279197,0.11699043870503992,0.7756642900154885,-0.007863374751114392,0.08761660493103679,-0.15594202927129913,0.9838412378959477,-0.21540349796036573,-0.20372757984730747,-0.0368681701993428,-0.031653667006784306,0.0495840338597644,0.1776831237712717,-0.06988961227391767,-0.4454618223391655,-0.29253709926334326,0.2778342389513643,-0.002912811327785189,-0.2618,0.8919786449932834,0.5100768076649623,-0.5103113739234949,-1.3271310530092864,0.9010121257894845,-0.5199793866533544,0.3377551514565269,0.09164362662720034,0.03615519077967404,0.19573491447901872,-1.635265552582336,0.6,0.13991216491450337,0.029416038772517195,6.895189762598682e-05,-0.07616572147123472,-1.1000520952748247
-0.1250321510826354,0.108726758721368,0.780358148188794,-0.054338065549152846,0.02958104829539636,0.16628974819150094,0.9841341655793322,0.0067851966992816745,-0.20783171727978367,-0.14294824948018756,-0.0658285543561345,0.07396573957228667,0.15420741638300803,0.3255816439608838,-0.24446589387368384,-0.5648984094239057,0.1873344744066444,0.18472444336554567,-0.26180000000000003,0.6459720993438581,0.47862391197330884,-0.52,-1.8395184921922176,0.6731586506189979,-0.5522935702138366,0.3521894601558003,0.14320227695328688,0.018154075904890713,0.2956046411890248,-2.0715895113400653,0.2304700937144035,0.06011707659165835,0.21671417761816153,-0.06352001567545407,0.05705436835228882,-0.936782867944422
-0.11002886295950046,0.0971040091533113,0.7806716327062472,-0.04866350225822827,0.02036447686632272,0.4065681802498417,0.9120961936321502,0.09747036062768111,-0.18973639330047587,-0.13589008126519797,-0.047578386799106046,0.10935558526482786,0.01784911388897535,0.4459878722656985,0.05760180155781044,-0.2734964175988469,0.057529568027149314,0.3519706664313816,-0.10471748059080904,0.38761690913277924,0.23698091564766785,-0.52,-2.1837112690681035,0.4521476037305816,-0.5541341348752726,0.43465048938449763,-0.013641057082154502,-0.1620383422626275,0.3975677571518629,-2.242700926580974,-0.227044480211463,0.22803442996061232,0.4272878509347197,-0.004520798904586747,-0.008922930636013618,-0.7180351490670259
-0.1104040734075541,0.10572727397674983,0.7805699544570226,-0.03256879544272195,0.02997986905607203,0.4698484187640181,0.8816365148970082,0.09241010911607717,-0.2042243224930896,-0.11277339470861625,-0.032694924454580644,0.059072187164806875,-0.005601094703087865,0.4489879371376306,0.09081952756948067,-0.10011349882833961,0.06474855394326876,0.33680830167979686,-0.018092017793692353,0.3279012692272696,0.1316700424952219,-0.52,-2.292258624008286,0.48070302038840085,-0.5660263582147137,0.49518926661285956,-0.008740818231244037,-0.1856667873335198,0.4253566232982516,-2.2801393221082353,-0.36375897846094707,0.3880981270905517,0.472515997443179,-0.026658814137811744,-0.03462872117416927,-0.6116805462839421
-0.11409276484089803,0.10455022031818609,0.7855752166347761,-0.0187251101198338,0.040585277763860776,0.4968828824898438,0.8666657986608297,0.07258499796519129,-0.2233762965412492,-0.11004153109353614,-0.019700632686740265,0.06021605790417983,-0.005985039299777756,0.41297643360052483,0.11481877581838652,-0.020292841561358774,0.09765008429256636,0.3209347986599802,0.013059880959348753,0.292005892576923,0.07574083753266951,-0.52,-2.284871523412638,0.5177626041343085,-0.6117856393258605,0.5571992717809245,-0.009416306660757046,-0.19353549712607043,0.4273660057759865,-2.276915816766556,-0.42554495007436344,0.5283065551071986,0.52098540526452,-0.03367764194034942,-0.041825166965911674,-0.5300640052219969
-0.11600240805899235,0.10726833397395316,0.7868546863257596,-0.018014898339572073,0.05239289196590336,0.49243390920349955,0.8685846495165702,0.03992048619050101,-0.22275683412105746,-0.11727029421346183,-0.006862681696912634,0.04479087470709031,-0.010546367836301099,0.3852958313793051,0.11970602001594241,0.022222205413616518,0.12117960333833745,0.2797499105245151,0.03400128337710448,0.30528188985457244,0.03640173703835697,-0.52,-2.274166535697478,0.5326897398553737,-0.6373943257413328,0.6207657939040705,-0.018659457539291973,-0.2069835208240105,0.4170871757680498,-2.2712929778831006,-0.4532528004063993,0.6050834712781668,0.6192166472488656,-0.021473879113016014,-0.040103835906147696,-0.45976214987161396
-0.11870754052113318,0.10835991273359852,0.7891515052611928,-0.028374117450986516,0.06178417715000805,0.47097271227518495,0.8795239219060101,0.010308731251483207,-0.21646811756508608,-0.1170576822260527,-0.01272922112136586,0.048457636667448706,-0.01750733065437856,0.3585729157922761,0.1210918008555229,-0.009343664729985088,0.14506369681939046,0.26148033134181115,0.026274922881620758,0.33605918063992546,0.017810768224565184,-0.5199995795966712,-2.2433534642325386,0.5338982445338024,-0.6767102880143001,0.7077955459692671,-0.03155866140861069,-0.21235621431904061,0.3735102856541743,-2.2912677505436494,-0.4719600911611424,0.6440364446700523,0.7297122652502068,-0.0011553112562394069,-0.03674864683161322,-0.4122073538983674
-0.12073398098643745,0.1086651155898665,0.7908828158768777,-0.03512452264852671,0.07087560123128864,0.4381192260108987,0.8954297632189961,-0.038428558479835256,-0.2036895311364797,-0.10792247677227751,-0.013519150591390833,0.0395720021967728,-0.010650115821253317,0.3478989278168809,0.11715139847450232,-0.018615441751583296,0.16122093666745946,0.23694390217333305,0.020749885006274796,0.36599304000509636,0.012765602135972599,-0.5128293230030814,-2.208500013459067,0.5404296825850795,-0.6800862714434066,0.7918967419942115,-0.05074729551931354,-0.20075249608245962,0.34957092753433305,-2.2871967933988904,-0.4677771397708363,0.6226308663588255,0.8217821095075385,0.02905748882872435,-0.02643599020744004,-0.3925790221567629
-0.1237829065339766,0.10641534400277056,0.7913945078167711,-0.044104615722716387,0.07833743816024183,0.4063918505324586,0.9092654686477682,-0.06736773374000274,-0.18890105152195685,-0.07866430529700782,-0.010213478667538689,0.05262332266130909,-0.008673389333713546,0.32737773455139346,0.10761674950836637,-0.041684578205239034,0.17358405243001412,0.22198663678587843,-0.014238384270520087,0.3858533854519283,0.015356546779410745,-0.5035608625346896,-2.1828437055752037,0.5510301544514752,-0.7085540399807891,0.8554897946821262,-0.061189844415333546,-0.1961751962177507,0.318838430966902,-2.297485844195407,-0.45355304043376465,0.6112059746984442,0.8898589690654162,0.05837111165547793,-0.025155332073323478,-0.38093195513151884
-0.12654495338786936,0.10261687632491107,0.7911449178248158,-0.04759501472245987,0.08705059518641076,0.36827991710726954,0.9244061937842708,-0.11322625159799334,-0.18379591607876433,-0.06887240183726394,-0.004741123548047607,0.05246338351801935,-0.0010436988980156159,0.31911238928688124,0.09236144360882499,-0.033739937134485434,0.18199636919870427,0.19627759976990838,-0.030830782948267427,0.415254027024999,0.00913964506030456,-0.47918165193022244,-2.1614209915925855,0.5721264130861274,-0.7196702739394306,0.9012502613762632,-0.06916648636274306,-0.19422592206344447,0.3023151789228506,-2.3197712785506517,-0.41841261754282233,0.5780164193312299,0.9379742402496061,0.08369254852299374,-0.029012539248353713,-0.376441804878686
-0.1295548171762335,0.09777931323119987,0.791565052141933,-0.05168722319644752,0.09681923228270645,0.34095555044047854,0.9336507804539435,-0.1409606921528799,-0.16671279576165615,-0.033406559371165157,-0.0018348538216972216,0.049789834865501495,0.0001532051260568941,0.29449312249474163,0.07259779069250533,-0.036146516272329295,0.18462670541427698,0.1657905232285607,-0.04999751780917153,0.43566251665455086,-0.0024001429310116862,-0.45769357987541026,-2.15921065204021,0.6029773737966282,-0.7564947050504421,0.9063449210073203,-0.0556095580844938,-0.20048845001507284,0.2906907217336923,-2.3487392538612895,-0.36576755399773675,0.566401249437344,0.9747696735067698,0.10305122084198341,-0.03433809322599953,-0.365808973686447
-0.13186900826613238,0.09219500649395462,0.7928337659739689,-0.05424623516022099,0.10421268948250773,0.31530743393123145,0.9416890587818604,-0.1722115528698594,-0.15734402346844806,-0.03602196245490977,0.007354566082776334,0.04375889412489567,0.001099343005710296,0.2660607066609636,0.05797472666646691,-0.02541586563467747,0.1870274805120386,0.12973363460830925,-0.05584110568336617,0.45304783784822805,-0.01319123698627444,-0.42729102843583044,-2.1585668335609616,0.6177958476028087,-0.7622710457513613,0.9074962920391123,-0.049064653504092996,-0.2047840109975199,0.2924645922975822,-2.3866544826907674,-0.30630592880534346,0.5429846821875459,0.9883469551482681,0.11050937043210506,-0.04545390034649146,-0.3604142559594162
-0.13418813952240194,0.0860715920018916,0.7955141099940958,-0.055127343451609634,0.11258309033547494,0.28939412625349287,0.9489663131346967,-0.2037348266642122,-0.1489657326261115,-0.04934955952498933,0.01491946581253345,0.04438379214421022,0.0006431148404092528,0.24363604105277237,0.0370984463899901,-0.011316304069047812,0.18545712245510637,0.1193525609236659,-0.045066107581562674,0.48019200986828625,-0.028311912419236293,-0.40247545784715466,-2.1701859500823035,0.6409277645350763,-0.7848860772867958,0.8966937058221891,-0.039754307066879865,-0.21065809803231772,0.299696344928952,-2.4185622108003293,-0.2600179418700782,0.5496484457332675,1.0058517889080345,0.1083476562765705,-0.048168084887522215,-0.3482435059380785
-0.13661390765759776,0.07980835626514743,0.7978860178818095,-0.05292956591739604,0.12306694031187278,0.2704695361878315,0.9533620609445335,-0.2280247698641465,-0.15384088480833602,-0.06189578441876975,0.020631688353297137,0.03668825267744996,-0.0002841091619973368,0.22518868687926377,0.02057160100659073,0.010374024930021989,0.17144882377288717,0.1175203120774661,-0.028134964352477067,0.5030932855244244,-0.04410113840317221,-0.37130771181711675,-2.184286158223165,0.6524714195247063,-0.7789923815466758,0.8882416610569066,-0.03616693026230858,-0.2130832577535654,0.310931267663544,-2.445893701038963,-0.22540437716475142,0.5307636843325063,1.0113683993446658,0.10985973769842891,-0.05374742216443198,-0.3490814461133032
-0.1395795753244797,0.07479725871022377,0.7999419044744573,-0.05368931094648936,0.1311455653378984,0.2399833641716494,0.9603781981610945,-0.25506985880857463,-0.13592237588326722,-0.055335796425712264,0.026558544843953008,0.04099831904488743,0.004784696035361764,0.2095444444061867,-0.006030447224540009,0.002243498883732066,0.15468392832704547,0.11336507637359264,-0.022728383540088992,0.5304494230084644,-0.05479440860315898,-0.35077321956437474,-2.2021267263239244,0.6702707989288736,-0.8193719756109225,0.8598188273379578,-0.023361204444761103,-0.21974921274089784,0.3121543482532815,-2.470702610968458,-0.2034241067813957,0.5422447874043606,1.0180238785307623,0.11173079726668102,-0.05289777513437909,-0.34399534934625564
-0.14310583432072987,0.07139911359156428,0.8016610027241801,-0.05323123491142521,0.13989018986940707,0.19959415152827864,0.9683797525164448,-0.2777714281713118,-0.11136784660867124,-0.03976515584985153,0.03380067481300443,0.028754634938403925,0.009200233446170474,0.1911424663376998,-0.04699896919952886,-0.03731135588559763,0.13747920768877678,0.11118132766897577,-0.0052391139966354115,0.5621026302175267,-0.06512203971141857,-0.32795195177840464,-2.225426526162512,0.6915988540542015,-0.8294030758099287,0.8435816444406983,-0.017289456435018575,-0.2210046988570672,0.32561546934189867,-2.4996559651585444,-0.18438255220605942,0.5320411794326347,1.0094029060646703,0.11045940160517641,-0.058306833389169435,-0.34491454200645644
-0.14846329479447284,0.07062345204906295,0.8045469853403171,-0.039687188210014324,0.16650281954772903,0.11710376740052174,0.9782578626493337,-0.340826044938616,-0.14276765561968108,-0.17888674701828386,0.05829430795237195,0.014862244183111897,0.07494522259113537,0.11413215372875024,-0.15954441289162233,-0.12338055196352027,0.12900639370951522,0.17439187005213813,0.009523658914854745,0.641469182958135,-0.12020592543889805,-0.33039016662712223,-2.242986327109929,0.7187895279317603,-0.8936698907926797,0.8805259342705607,-0.037037134380525936,-0.13572524205161002,0.4680345626599581,-2.530592736548961,-0.15796446407050863,0.5505073527131381,1.0947147201358922,0.1300028542206572,-0.030165476014930498,-0.42346761077344214
-0.15199611938925353,0.06827208504125631,0.804419495217998,-0.03980781758657922,0.16845650759373842,0.08876979512072726,0.9808963585326114,-0.36207032854349536,-0.11822720242255472,-0.15388122558079953,0.06301513290673229,-0.0025143238502425003,0.06923725407715196,0.0965383171061156,-0.19100470812871004,-0.15947110398334463,0.12821627660591745,0.166167388774,0.018506972928203982,0.6361924509662005,-0.11807187319507083,-0.31497638138203377,-2.2464520924370706,0.7335770539710647,-0.9014677500181146,0.8490849790367447,-0.02629330462513946,-0.13150543312941976,0.49485117523122163,-2.5235316495773246,-0.15226645625809565,0.5579920557574315,1.0922100327886861,0.12849725387421324,-0.03110311747746402,-0.4270929739096201
-0.1565750353879518,0.0661529073905334,0.8044923832403947,-0.040409106713766234,0.16931191040908056,0.05673283090172122,0.983098147178652,-0.37583130247960733,-0.0889786863868138,-0.12271976428807127,0.07139081497799936,-0.008628255909008314,0.04558136393475685,0.08183499741779408,-0.21726907542281976,-0.19369216200918554,0.13039111645346046,0.17920390902135544,0.03109836142216121,0.6223421529570696,-0.11530733046519805,-0.3005383498675572,-2.230184208185001,0.7383887547124569,-0.863201250724183,0.8378020493921094,-0.0349972860343738,-0.11394145638926363,0.5327307120476286,-2.4986453481648407,-0.1633124229734392,0.5584117652964329,1.0875626920766208,0.11945197280793497,-0.014464203568639571,-0.41885798130669116
-0.16312221801516116,0.06139400826419436,0.8032899506532009,-0.051800079764522285,0.1438001967438674,0.07732300219487334,0.9852204872435328,-0.32067817059224835,-0.002298238574718954,0.15200439331531304,0.06794584988760086,-0.043796131372155434,0.03748052860097418,0.12550212415149342,-0.17246164532663763,-0.20265991126003133,0.129326011565003,0.08225630962569272,0.015458675823025422,0.5612417894042744,-0.04111793523231293,-0.2589359594723465,-2.0901445307005218,0.7601279954380354,-0.7572763042540681,0.686185368162923,-0.010986052585694975,-0.20253819474297005,0.39539518746371294,-2.404543933157583,-0.140978266454548,0.521025078938312,0.9554195785018874,0.07678456803938107,-0.05095718048583392,-0.36604175487858104
-0.16613767447582306,0.05732177873712124,0.8012350477096258,-0.047330884896351115,0.14016497960089758,0.06371916306191483,0.9869414542347972,-0.310850271386227,0.009044601828649006,0.20266877313580517,0.06790346309853965,-0.06886725277912975,0.057385184114591856,0.13370267108980938,-0.15806535452937934,-0.14734108180223632,0.1316995281111442,0.06543406172581637,0.01706718744122503,0.5471383612791285,-0.045091728161073236,-0.23348692486415512,-2.0298648794914556,0.7345072463229839,-0.6702109429498465,0.6701107406901857,-0.033362726636842664,-0.19672653564301945,0.41774036870081294,-2.3748406857981754,-0.1198371930207025,0.464858003086681,0.9491800072822704,0.08599767757372308,-0.041368346134768495,-0.38660132740233155
-0.17138976273852452,0.05069577698140931,0.8000966884898341,-0.037291413589729296,0.1309593427162977,0.07941463117993099,0.9874980087991819,-0.31647843023991645,0.020466619457551873,0.32419649136113604,0.09520695643215703,-0.08188913664688922,0.08275487895330373,0.14035783699222254,-0.13631256188824825,-0.08490214417347544,0.12653219275434302,0.04854670585575785,0.007003298777127152,0.5037418884943751,-0.03652485805484099,-0.18535693696825523,-1.9190830305004924,0.7217134760299883,-0.5963470833885818,0.6224543537264495,-0.05137808320170554,-0.16797936701766464,0.45406861480580224,-2.289061996890396,-0.06487051708216429,0.3818269913153449,0.8863804237567757,0.11986083176716904,-0.03877252607970964,-0.46147000326798704
-0.17138976273852452,0.05069577698140931,0.7728696183072722,-0.03316964241235185,0.11648457782390442,0.07946666532860228,0.989452458207556,-0.31598082687992574,0.018192550628934996,0.28817465898767647,0.15896173905080624,-0.10945701035279042,0.07355989240293664,0.0900958551041978,-0.12116672167844289,-0.07546857259864483,0.18680639355941603,0.006485960760673641,0.006225154468557468,0.4477705675505556,-0.03246654049319199,-0.1647617217495602,-1.6836293604448822,0.6637453120266562,-0.530086296345406,0.6199594255346218,-0.045669407290404924,-0.14931499290459077,0.40361654649404644,-2.012499552791463,-0.07988490407303492,0.33940177005808436,0.8545603766726895,0.10654296157081691,-0.03446446762640857,-0.4101955584604329
-0.17138976273852452,0.05069577698140931,0.7728696183072722,-0.029040211825169214,0.10198291474833371,0.07951259478234154,0.9911780357067859,-0.315483223519935,0.015918481800318122,0.25215282661421695,0.22271652166945546,-0.13702488405869162,0.06436490585256957,0.039833873216173085,-0.10602088146863753,-0.06603500102381424,0.24708059436448904,-0.03557478433441056,0.0054470101599877856,0.39179924660673615,-0.028408222931542996,-0.14416650653086518,-1.448175690389272,0.6057771480233242,-0.46382550930223027,0.6174644973427941,-0.03996073137910431,-0.13065061879151693,0.35316447818229063,-1.73593710869253,-0.09489929106390557,0.29697654880082386,0.8227403295886033,0.0932250913744648,-0.0301564091731075,-0.3589211136528788
-0.17138976273852452,0.05069577698140931,0.7728696183072722,-0.02490407538179348,0.08745770216270528,0.07955241318072619,0.992674342832996,-0.3149856201599443,0.01364441297170125,0.21613099424075738,0.2864713042881047,-0.1645927577645928,0.0551699193022025,-0.010428108671851621,-0.09087504125883218,-0.05660142944898364,0.30735479516956205,-0.07763552942949475,0.004668865851418102,0.33582792566291675,-0.024349905369894,-0.12357129131217016,-1.2127220203336617,0.5478089840199922,-0.39756472225905454,0.6149695691509663,-0.034252055467803695,-0.1119862446784431,0.3027124098705349,-1.4593746645935974,-0.1099136780547762,0.2545513275435633,0.7909202825045172,0.0799072211781127,-0.025848350719806432,-0.3076466688453247
-0.17138976273852452,0.05069577698140931,0.7728696183072722,-0.02076218818395197,0.07291229417678317,0.07958611500926759,0.9939410340646089,-0.3144880167999536,0.011370344143084375,0.1801091618672978,0.35022608690675394,-0.192160631470494,0.04597493275183541,-0.060690090559876356,-0.0757292010490268,-0.04716785787415303,0.36762899597463505,-0.11969627452457897,0.0038907215428484183,0.2798566047190973,-0.020291587808245,-0.10297607609347513,-0.9772683502780514,0.4898408200166602,-0.33130393521587875,0.6124746409591386,-0.028543379556503077,-0.09332187056536925,0.252260341558779,-1.1828122204946645,-0.12492806504564682,0.21212610628630274,0.759100235420431,0.06658935098176058,-0.02154029226650536,-0.2563722240377706
-0.17138976273852452,0.05069577698140931,0.7728696183072722,-0.01661550666099221,0.05835004956264522,0.07961369560032047,0.9949778169021131,-0.31399041343996287,0.009096275314467498,0.14408732949383823,0.41398086952540314,-0.21972850517639522,0.03677994620146832,-0.1109520724479011,-0.060583360839221445,-0.03773428629932241,0.42790319677970806,-0.16175701961966318,0.003112577234278734,0.2238852837752778,-0.016233270246595995,-0.0823808608747801,-0.741814680222441,0.4318726560133281,-0.265043148172703,0.6099797127673109,-0.022834703645202462,-0.07465749645229539,0.20180827324702322,-0.9062497763957313,-0.13994245203651748,0.16970088502904218,0.7272801883363447,0.05327148078540846,-0.017232233813204285,-0.20509777923021644
-0.17138976273852452,0.05069577698140931,0.7728696183072722,-0.012464988349080483,0.0437743309792762,0.0796351511338524,0.9957844519355896,-0.31349281007997215,0.006822206485850625,0.10806549712037869,0.47773565214405234,-0.2472963788822964,0.02758495965110125,-0.1612140543359258,-0.04543752062941609,-0.02830071472449182,0.488177397584781,-0.20381776471474738,0.002334432925709051,0.16791396283145837,-0.012174952684947,-0.06178564565608508,-0.5063610101668309,0.3739044920099961,-0.19878236112952727,0.6074847845754832,-0.017126027733901848,-0.05599312233922155,0.15135620493526744,-0.6296873322967987,-0.1549568390273881,0.12727566377178165,0.6954601412522585,0.03995361058905635,-0.012924175359903216,-0.15382333442266236
-0.17138976273852452,0.05069577698140931,0.7728696183072722,-0.008311591670144777,0.0291885041962636,0.07965047863807369,0.9963607528999822,-0.31299520671998143,0.004548137657233749,0.07204366474691912,0.5414904347627016,-0.27486425258819763,0.01838997310073416,-0.21147603622395056,-0.030291680419610723,-0.018867143149661206,0.5484515983898541,-0.24587850980983164,0.001556288617139367,0.1119426418876389,-0.008116635123297997,-0.04119043043739005,-0.27090734011122053,0.31593632800666405,-0.1325215740863515,0.6049898563836554,-0.011417351822601231,-0.03732874822614769,0.10090413662351161,-0.3531248881978657,-0.16997122601825873,0.08485044251452109,0.6636400941681724,0.02663574039270423,-0.008616116906602142,-0.10254888961510822
-0.17138976273852452,0.05069577698140931,0.7728696183072722,-0.004156275710613386,0.014595937316775586,0.07965967598992729,0.9967065867180983,-0.3124976033599907,0.002274068828616876,0.03602183237345958,0.6052452173813508,-0.3024321262940988,0.009194986550367086,-0.2617380181119753,-0.015145840209805368,-0.009433571574830608,0.608725799194927,-0.2879392549049158,0.000778144308569684,0.05597132094381948,-0.004058317561649001,-0.020595215218695034,-0.03545367005561037,0.25796816400333206,-0.06626078704317578,0.6024949281918277,-0.005708675911300618,-0.018664374113073857,0.050452068311755825,-0.07656244409893295,-0.18498561300912938,0.042425221257260566,0.6318200470840862,0.013317870196352121,-0.004308058453301074,-0.05127444480755414
-0.17138976273852452,0.05069577698140931,0.7728696183072722,-0.0,0.0,0.07966274191543897,0.9968218735313317,-0.312,0.0,0.0,0.669,-0.33,0.0,-0.312,0.0,0.0,0.669,-0.33,0.0,0.0,0.0,0.0,0.2,0.2,0.0,0.6,0.0,0.0,0.0,0.2,-0.2,0.0,0.6,0.0,0.0,0.0
-0.17138976273852452,0.05069577698140931,0.7728696183072722,-0.0,0.0,0.07966274191543897,0.9968218735313317,-0.312,0.0,0.0,0.669,-0.33,0.0,-0.312,0.0,0.0,0.669,-0.33,0.0,0.0,0.0,0.0,0.2,0.2,0.0,0.6,0.0,0.0,0.0,0.2,-0.2,0.0,0.6,0.0,0.0,0.0
-0.17138976273852452,0.05069577698140931,0.7728696183072722,-0.0,0.0,0.07966274191543897,0.9968218735313317,-0.312,0.0,0.0,0.669,-0.33,0.0,-0.312,0.0,0.0,0.669,-0.33,0.0,0.0,0.0,0.0,0.2,0.2,0.0,0.6,0.0,0.0,0.0,0.2,-0.2,0.0,0.6,0.0,0.0,0.0
-0.17138976273852452,0.05069577698140931,0.7728696183072722,-0.0,0.0,0.07966274191543897,0.9968218735313317,-0.312,0.0,0.0,0.669,-0.33,0.0,-0.312,0.0,0.0,0.669,-0.33,0.0,0.0,0.0,0.0,0.2,0.2,0.0,0.6,0.0,0.0,0.0,0.2,-0.2,0.0,0.6,0.0,0.0,0.0
-0.17138976273852452,0.05069577698140931,0.7728696183072722,-0.0,0.0,0.07966274191543897,0.9968218735313317,-0.312,0.0,0.0,0.669,-0.33,0.0,-0.312,0.0,0.0,0.669,-0.33,0.0,0.0,0.0,0.0,0.2,0.2,0.0,0.6,0.0,0.0,0.0,0.2,-0.2,0.0,0.6,0.0,0.0,0.0
-0.17138976273852452,0.05069577698140931,0.7728696183072722,-0.0,0.0,0.07966274191543897,0.9968218735313317,-0.312,0.0,0.0,0.669,-0.33,0.0,-0.312,0.0,0.0,0.669,-0.33,0.0,0.0,0.0,0.0,0.2,0.2,0.0,0.6,0.0,0.0,0.0,0.2,-0.2,0.0,0.6,0.0,0.0,0.0
-0.17138976273852452,0.05069577698140931,0.7728696183072722,-0.0,0.0,0.07966274191543897,0.9968218735313317,-0.312,0.0,0.0,0.669,-0.33,0.0,-0.312,0.0,0.0,0.669,-0.33,0.0,0.0,0.0,0.0,0.2,0.2,0.0,0.6,0.0,0.0,0.0,0.2,-0.2,0.0,0.6,0.0,0.0,0.0
